kind,order,name,personId,portraitId,file,sha256,hashVerified,width,height,designAge,ageBasis,front,ageAppropriate,fullBody,completeHands,completeFeet,costumeEvidence,desktopVerified,mobileVerified,promptRecord
new,1,王允,person:workbook:270feaef9ea4faae,portrait:additional:20261004:001,atlas/assets/portraits/20261004/001-2eff13255f25.png,b42295f97b50fd17ec8e1438f1873e5f6d2fa861bde492377862ee0bf32a4ca1,True,941,1672,55,艺术表现年龄；选取人物成年生涯阶段，不作为新增史实生年或卒年。,True,True,False,True,False,待考,True,True,
new,2,韩馥,person:workbook:026eaa65f4403bf0,portrait:additional:20261004:002,atlas/assets/portraits/20261004/002-eddb2b1d73b6.png,f8334bb07835da0279568e498bdfd4c4fcc6c41789b4d8e57adf7419d65911c5,True,941,1672,42,艺术表现年龄；选取人物成年生涯阶段，不作为新增史实生年或卒年。,True,True,False,True,False,待考,True,True,
new,3,何进,person:workbook:761fd3aa03529eea,portrait:additional:20261004:003,atlas/assets/portraits/20261004/003-ca3cbe109912.png,088682840bb3bfaa2489f31c56280498b29b79c93dc209e617c9e914a533baba,True,940,1672,47,艺术表现年龄；选取人物成年生涯阶段，不作为新增史实生年或卒年。,True,True,True,True,True,待考,True,True,
new,4,董卓,person:workbook:e1d0e31a7b6329cb,portrait:additional:20261004:004,atlas/assets/portraits/20261004/004-7fe8f01b907d.png,8b35f0e121f6f27d7547221f9763d6483de94a5b2a9d57259660563aaacddfd9,True,940,1672,55,艺术表现年龄；选取人物成年生涯阶段，不作为新增史实生年或卒年。,True,True,True,True,True,待考,True,True,
new,5,袁术,person:workbook:89859ca6be315566,portrait:additional:20261004:005,atlas/assets/portraits/20261004/005-1499ed95fea7.png,3077c80d8028dc41b06de0b977258f65c4cc75ad9b439a9a8657286ab1463e7e,True,941,1672,42,艺术表现年龄；选取人物成年生涯阶段，不作为新增史实生年或卒年。,True,True,False,True,False,待考,True,True,
new,6,刘焉,person:workbook:32598ca78940765f,portrait:additional:20261004:006,atlas/assets/portraits/20261004/006-1a0cfb5e645a.png,951879b7ab4e2b0a518dec3b5022d93add07c99f12b5bce46847aeb2b3b48f19,True,941,1672,60,艺术表现年龄；选取人物成年生涯阶段，不作为新增史实生年或卒年。,True,True,True,True,True,待考,True,True,
new,7,刘繇,person:workbook:2dfe7b6919d86a30,portrait:additional:20261004:007,atlas/assets/portraits/20261004/007-2fce4ef434f3.png,8bf7c7779bc51c3be82fc8ccaed2a8835063c4ccec18e3d072ba7eacbabc9e75,True,941,1672,37,艺术表现年龄；选取人物成年生涯阶段，不作为新增史实生年或卒年。,True,True,False,True,False,待考,True,True,
new,8,刘岱,person:workbook:671ba0ea66462716,portrait:additional:20261004:008,atlas/assets/portraits/20261004/008-2202cefe1005.png,f78146ec6e878b4caf0eb55a3ba5a8ba9b3b3880360a1a19f1e9abc2f8bc02fd,True,940,1672,42,艺术表现年龄；选取人物成年生涯阶段，不作为新增史实生年或卒年。,True,True,True,True,True,待考,True,True,
new,9,刘琦,person:workbook:0bdcb6183ed6311b,portrait:additional:20261004:009,atlas/assets/portraits/20261004/009-4bff4a2b550e.png,e59499c4d8fee669a5429a026b3128b8952d8ad2821d42bca580fbd9899f7975,True,941,1672,25,艺术表现年龄；选取人物成年生涯阶段，不作为新增史实生年或卒年。,True,True,False,True,False,待考,True,True,
new,10,刘琮,person:workbook:6ffd9222fdc98da9,portrait:new:010-6928517c449e,atlas/assets/portraits/20261004/010-6928517c449e.png,d3e0a52e30cfa4a5dec4ae3eb360b3b1f6bb83c5b0ecc4dde958baa093b4e786,True,941,1672,18,艺术表现年龄；选取人物成年生涯阶段，不作为新增史实生年或卒年。,True,True,False,True,False,待考,True,True,
new,11,公孙瓒,person:workbook:a9af256c99ce1150,portrait:new:011-5ce092c2bcbb,atlas/assets/portraits/20261004/011-5ce092c2bcbb.png,1014933ceca57745b94a74152c422108e7def28469d62b6a16dc6fd41d63b63d,True,941,1672,42,艺术表现年龄；选取人物成年生涯阶段，不作为新增史实生年或卒年。,True,True,False,True,False,待考,True,True,
new,12,公孙度,person:workbook:5a2ab5f4afb46d7d,portrait:new:012-a9c3e1f0ac81,atlas/assets/portraits/20261004/012-a9c3e1f0ac81.png,f3ba4d4f0396e1f8bb1740ed57aa5be1b1d7697c8b1957dbf0e1c45d21afd83e,True,941,1672,47,艺术表现年龄；选取人物成年生涯阶段，不作为新增史实生年或卒年。,True,True,False,True,False,待考,True,True,
new,13,公孙康,person:workbook:67afb87f3ecd38e6,portrait:new:013-33cbd55b42dc,atlas/assets/portraits/20261004/013-33cbd55b42dc.png,ebf39b7367298394ad52172b9d7992609a461cb9b6dc3bedc59a2527bd62c073,True,941,1672,37,艺术表现年龄；选取人物成年生涯阶段，不作为新增史实生年或卒年。,True,True,False,True,False,待考,True,True,
new,14,张角,person:workbook:0d601c62c3e0381c,portrait:new:014-1f3b42f2b141,atlas/assets/portraits/20261004/014-1f3b42f2b141.png,c124167b05b8e186fba8a065d94b74883fd33c5b1b1dfb59e9cbf09ddbe49202,True,941,1672,42,艺术表现年龄；选取人物成年生涯阶段，不作为新增史实生年或卒年。,True,True,True,True,True,待考,True,True,
new,15,张梁,person:workbook:8e2e8fcc9f31f01e,portrait:new:015-0f4f7a751582,atlas/assets/portraits/20261004/015-0f4f7a751582.png,03a6706ac0a61bc0a05bca83e101eb491493218282d1fcc0c5565fa55ae200ee,True,941,1672,47,艺术表现年龄；选取人物成年生涯阶段，不作为新增史实生年或卒年。,True,True,False,True,False,待考,True,True,
new,16,张燕,person:workbook:12dd658503315d90,portrait:new:016-ee60b7d0ed86,atlas/assets/portraits/20261004/016-ee60b7d0ed86.png,a5f08679c846b0e32747eb000de93d841ea3faa1eb358cffa3168e1d5eecbd74,True,941,1672,32,艺术表现年龄；选取人物成年生涯阶段，不作为新增史实生年或卒年。,True,True,False,True,False,待考,True,True,
new,17,张邈,person:workbook:5b1def2d8b8c8c49,portrait:new:017-b82411fa7ce8,atlas/assets/portraits/20261004/017-b82411fa7ce8.png,0aa0bc4484a314237aca67bfbe188fc31adc58a3649e1384227eae8d584f8d51,True,941,1672,42,艺术表现年龄；选取人物成年生涯阶段，不作为新增史实生年或卒年。,True,True,False,True,False,待考,True,True,
new,18,张超,person:workbook:cf54dfebd647ab02,portrait:new:018-dd5189f5cd65,atlas/assets/portraits/20261004/018-dd5189f5cd65.png,1099e85a2c1de66ca62e835f736f0dd9a913b2fff951d2ad00651989cff948cc,True,941,1672,47,艺术表现年龄；选取人物成年生涯阶段，不作为新增史实生年或卒年。,True,True,False,True,False,待考,True,True,
new,19,张杨,person:workbook:ce01d032ba214e9e,portrait:new:019-381b06bf180c,atlas/assets/portraits/20261004/019-381b06bf180c.png,2ba3ce17220dd4160313c4ef9d64086a7cf0a9ea225b21167857ae27ab6c86c4,True,941,1672,37,艺术表现年龄；选取人物成年生涯阶段，不作为新增史实生年或卒年。,True,True,False,True,False,待考,True,True,
new,20,张济,person:workbook:2c0685e0e0e0ae8f,portrait:new:020-4962ed454e1d,atlas/assets/portraits/20261004/020-4962ed454e1d.png,457eb38d90f338b3d795a1e585bafeb299474ff790fdb66e4584a5a4248e732c,True,941,1672,42,艺术表现年龄；选取人物成年生涯阶段，不作为新增史实生年或卒年。,True,True,False,True,False,待考,True,True,
new,21,张绣,person:workbook:33c13252ee4a2b76,portrait:new:021-174fda6db2fc,atlas/assets/portraits/20261004/021-174fda6db2fc.png,876e653dc11238a1091b33bf2ae04016c33410841961136c23dcf7c1d00051b6,True,941,1672,40,艺术表现年龄；选取人物成年生涯阶段，不作为新增史实生年或卒年。,True,True,False,True,False,待考,True,True,
new,22,李傕,person:workbook:65f5118d20de2114,portrait:new:022-5fb60fb701d5,atlas/assets/portraits/20261004/022-5fb60fb701d5.png,0cd5fc9db73990d08d140e091bf13ad1525ec3746d08390cef6e41ce6eccf5d4,True,941,1672,37,艺术表现年龄；选取人物成年生涯阶段，不作为新增史实生年或卒年。,True,True,False,True,False,待考,True,True,
new,23,郭汜,person:workbook:523c12b46171de5c,portrait:new:023-51f9c8181c5a,atlas/assets/portraits/20261004/023-51f9c8181c5a.png,3ff977acff723c89f6c9b2ea96a376389fcc6d745fa77ea8129714fed3ec23df,True,940,1672,42,艺术表现年龄；选取人物成年生涯阶段，不作为新增史实生年或卒年。,True,True,False,True,False,待考,True,True,
new,24,樊稠,person:workbook:627fc9773fc940f7,portrait:new:024-7a4dadb6279f,atlas/assets/portraits/20261004/024-7a4dadb6279f.png,ca5e608fac69a404fd9a1b85a066c2d81e97ae7a9aaee5fbb408d467ce264daf,True,941,1672,47,艺术表现年龄；选取人物成年生涯阶段，不作为新增史实生年或卒年。,True,True,True,True,True,待考,True,True,
new,25,高顺,person:workbook:29c85389eff26b03,portrait:new:025-c166c1bf15cd,atlas/assets/portraits/20261004/025-c166c1bf15cd.png,32c08d417e801a3691e0644ad35b2a184d9c44ec86c9db5970ad9a314f5fe5e8,True,941,1672,37,艺术表现年龄；选取人物成年生涯阶段，不作为新增史实生年或卒年。,True,True,False,True,False,待考,True,True,
new,26,陈宫,person:workbook:ba3f1bafab3e4732,portrait:new:026-b7485426113b,atlas/assets/portraits/20261004/026-b7485426113b.png,3d7e918fe0ebf5da1ec34e763badbf4dc7b1ed8744f95c205e709daeae6434d5,True,941,1672,42,艺术表现年龄；选取人物成年生涯阶段，不作为新增史实生年或卒年。,True,True,False,True,False,待考,True,True,
new,27,田丰,person:workbook:8069bc34357f1f29,portrait:new:027-539c524df9ce,atlas/assets/portraits/20261004/027-539c524df9ce.png,2bbd3a1bc141f912212ccc5cc97f5d0ce917de8d274967b21f00f84b6f8c88cb,True,941,1672,47,艺术表现年龄；选取人物成年生涯阶段，不作为新增史实生年或卒年。,True,True,False,True,False,待考,True,True,
new,28,沮授,person:workbook:c7d16dc8399a9f0b,portrait:new:028-7ce6d643565b,atlas/assets/portraits/20261004/028-7ce6d643565b.png,cbf5514e63a0bb166a65a87e9068bdf6eb8d4e31d4b9f13a31dc6b696c87ec74,True,941,1672,37,艺术表现年龄；选取人物成年生涯阶段，不作为新增史实生年或卒年。,True,True,False,True,False,待考,True,True,
new,29,审配,person:workbook:35f65ce0ec867b73,portrait:new:029-1b062757edbb,atlas/assets/portraits/20261004/029-1b062757edbb.png,efa449eba1459b6a7ef7b0a5d5fd00ab787a53b864d16e4debdf79ecfb755986,True,941,1672,42,艺术表现年龄；选取人物成年生涯阶段，不作为新增史实生年或卒年。,True,True,False,True,False,待考,True,True,
new,30,逢纪,person:workbook:3a76aeaa75dec25c,portrait:additional:20261004:030,atlas/assets/portraits/20261004/030-280b403f232b.png,5c6c70aacfe1f7ce17a37ac715f6c85de8ff8eedde5aadb7a57ef993c89469d6,True,941,1672,47,艺术表现年龄；选取人物成年生涯阶段，不作为新增史实生年或卒年。,True,True,True,True,True,待考,True,True,research/portrait-additions-20261004/generation-prompts-030-033.json
new,31,郭图,person:workbook:4af0b66346dbb00a,portrait:additional:20261004:031,atlas/assets/portraits/20261004/031-0f45c074a117.png,685a59b8032dbab8f6e91798ff9b546996da0aede17d31977f1b08c5b44c4099,True,941,1672,37,艺术表现年龄；选取人物成年生涯阶段，不作为新增史实生年或卒年。,True,True,True,True,True,待考,True,True,research/portrait-additions-20261004/generation-prompts-030-033.json
new,32,许攸,person:workbook:74fe2ebe45acfeba,portrait:additional:20261004:032,atlas/assets/portraits/20261004/032-d79507999066.png,33c92983ec3dd17d07ba1632f02b029cfd787c70b2754026a78eb6e07cce46d7,True,941,1672,42,艺术表现年龄；选取人物成年生涯阶段，不作为新增史实生年或卒年。,True,True,True,True,True,待考,True,True,research/portrait-additions-20261004/generation-prompts-030-033.json
new,33,颜良,person:workbook:5d464af1fd47c8d6,portrait:additional:20261004:033,atlas/assets/portraits/20261004/033-1f7ba11ac744.png,c2c732a07451d170d9369de58ff5ea5768495d7fa401a67ac1dcb1f0cf6e9d2e,True,941,1672,47,艺术表现年龄；选取人物成年生涯阶段，不作为新增史实生年或卒年。,True,True,True,True,True,待考,True,True,research/portrait-additions-20261004/generation-prompts-030-033.json
new,34,文丑,person:workbook:214f10af076ab50b,portrait:additional:20261004:034,atlas/assets/portraits/20261004/034-399b45f19eae.png,33c9eac445bb90f6668252d61567ac102c4bd34652430528a0141c8b8faa1e03,True,941,1672,37,艺术表现年龄；选取人物成年生涯阶段，不作为新增史实生年或卒年。,True,True,True,True,True,待考,True,True,research/portrait-additions-20261004/generation-prompts-034-037.json
new,35,韩遂,person:workbook:dd9216d468e96d73,portrait:additional:20261004:035,atlas/assets/portraits/20261004/035-c46085cf77a1.png,a026bb32f3cc5bd108e39699ad501ffa00a7595435f3f7a0c5db7b346a5fc6c1,True,941,1672,60,艺术表现年龄；选取人物成年生涯阶段，不作为新增史实生年或卒年。,True,True,True,True,True,待考,True,True,research/portrait-additions-20261004/generation-prompts-034-037.json
new,36,马腾,person:workbook:15ed9c099a6a8ac7,portrait:additional:20261004:036,atlas/assets/portraits/20261004/036-f7e0e81450d1.png,77e5e09654c0c69697f0993defca004f9d5771d318a423f2e2df3350725e5bec,True,941,1672,50,艺术表现年龄；选取人物成年生涯阶段，不作为新增史实生年或卒年。,True,True,True,True,True,待考,True,True,research/portrait-additions-20261004/generation-prompts-034-037.json
new,37,庞德,person:workbook:2a9da23b6057a460,portrait:additional:20261004:037,atlas/assets/portraits/20261004/037-4cb796bf4516.png,0391d55f8d1c33ab8ef4027fc6760b4b08546fb34a34326710d3e4fa9783d0b0,True,941,1672,37,艺术表现年龄；选取人物成年生涯阶段，不作为新增史实生年或卒年。,True,True,True,True,True,待考,True,True,research/portrait-additions-20261004/generation-prompts-034-037.json
new,38,成公英,person:workbook:4b3450339ee33091,portrait:additional:20261004:038,atlas/assets/portraits/20261004/038-fa242cb04426.png,2d2ba84a5a3dc0cdb6bd95761678957269715258394200679634d056230450c4,True,941,1672,42,艺术表现年龄；选取人物成年生涯阶段，不作为新增史实生年或卒年。,True,True,True,True,True,待考,True,True,research/portrait-additions-20261004/generation-prompts-038-041.json
new,39,太史慈,person:workbook:1c8f6afebe234727,portrait:additional:20261004:039,atlas/assets/portraits/20261004/039-d730d42bc2d6.png,217e8f9ec7a4de54532c83c41233434b07b4a76406256e6ab54f9c0ab0d7c559,True,940,1672,35,艺术表现年龄；选取人物成年生涯阶段，不作为新增史实生年或卒年。,True,True,True,True,True,待考,True,True,research/portrait-additions-20261004/generation-prompts-038-041.json
new,40,程普,person:workbook:20a9a3d1ddebc15d,portrait:additional:20261004:040,atlas/assets/portraits/20261004/040-33169bf33310.png,54ea68c4e6552ef27656e64bd2e60deb25e00acea295d56a384eef46ef2c70a5,True,941,1672,55,艺术表现年龄；选取人物成年生涯阶段，不作为新增史实生年或卒年。,True,True,True,True,True,待考,True,True,research/portrait-additions-20261004/generation-prompts-038-041.json
new,41,黄盖,person:workbook:2d392b39c126e909,portrait:additional:20261004:041,atlas/assets/portraits/20261004/041-b0ea3763a2e1.png,93b40540b88bc151ee0a6c9381ffef082f0f87f50b672b7101fa7caad27bdfb6,True,941,1672,55,艺术表现年龄；选取人物成年生涯阶段，不作为新增史实生年或卒年。,True,True,True,True,True,待考,True,True,research/portrait-additions-20261004/generation-prompts-038-041.json
new,42,韩当,person:workbook:5b387fa607053fc1,portrait:additional:20261004:042,atlas/assets/portraits/20261004/042-1525f42e5a58.png,8af901aea13c326e90cc4f1a464155df0a19d536bd1dba2153070ac63b447c74,True,941,1672,50,艺术表现年龄；选取人物成年生涯阶段，不作为新增史实生年或卒年。,True,True,True,True,True,待考,True,True,research/portrait-additions-20261004/generation-prompts-042-045.json
new,43,祖茂,person:workbook:09dfe78ad1215e11,portrait:additional:20261004:043,atlas/assets/portraits/20261004/043-4a933a2e6853.png,07e36e1441f61990367ee047845e242cd6ce4f342900a3579229b7a8b4cf87f2,True,941,1672,37,艺术表现年龄；选取人物成年生涯阶段，不作为新增史实生年或卒年。,True,True,True,True,True,待考,True,True,research/portrait-additions-20261004/generation-prompts-042-045.json
new,44,蒋钦,person:workbook:48bf624892c13558,portrait:additional:20261004:044,atlas/assets/portraits/20261004/044-8d3d723e5e96.png,9b2a40687dc2ef3dbfad3e587ca67a50c1f342b487c6068d90c1f09aa8f0e826,True,941,1672,42,艺术表现年龄；选取人物成年生涯阶段，不作为新增史实生年或卒年。,True,True,True,True,True,待考,True,True,research/portrait-additions-20261004/generation-prompts-042-045.json
new,45,周泰,person:workbook:163825c5881056ed,portrait:additional:20261004:045,atlas/assets/portraits/20261004/045-3a57e8d96dfb.png,2b8d0691a4ca2cfc97c4277296e09f3f306e6481d5395fa3dde57cf1bc96aa41,True,941,1672,47,艺术表现年龄；选取人物成年生涯阶段，不作为新增史实生年或卒年。,True,True,True,True,True,待考,True,True,research/portrait-additions-20261004/generation-prompts-042-045.json
new,46,甘宁,person:workbook:b7511af5ab5d731c,portrait:additional:20261004:046,atlas/assets/portraits/20261004/046-b5716f3a7c47.png,e6fbbebe047a11a485bb63e2beb862cdcf1464d9fa27b0d15436bf626e83cd77,True,941,1672,37,艺术表现年龄；选取人物成年生涯阶段，不作为新增史实生年或卒年。,True,True,True,True,True,待考,True,True,research/portrait-additions-20261004/generation-prompts-046-049.json
new,47,徐盛,person:workbook:ae69a0a24aca858b,portrait:additional:20261004:047,atlas/assets/portraits/20261004/047-f83212556ad4.png,1bad1d9accdcf0b01880ea030a5ba6fa69fae3205c44c4cb12db6fa8826fc11d,True,941,1672,42,艺术表现年龄；选取人物成年生涯阶段，不作为新增史实生年或卒年。,True,True,True,True,True,待考,True,True,research/portrait-additions-20261004/generation-prompts-046-049.json
new,48,董袭,person:workbook:3db3ee573c9576cb,portrait:additional:20261004:048,atlas/assets/portraits/20261004/048-4e754094c0f0.png,b4aef739a58a4695fecb82c2af6d65f8fc9e59898ae658ec3d2847d4a7e9c29d,True,941,1672,47,艺术表现年龄；选取人物成年生涯阶段，不作为新增史实生年或卒年。,True,True,True,True,True,待考,True,True,research/portrait-additions-20261004/generation-prompts-046-049.json
new,49,陈武,person:workbook:58a7ffb760aa6ed9,portrait:additional:20261004:049,atlas/assets/portraits/20261004/049-240422bbde90.png,5be84535d966fbe5ca52bd4a3872a8887313679691b20f5219120f8a27f0fd0e,True,941,1672,35,艺术表现年龄；选取人物成年生涯阶段，不作为新增史实生年或卒年。,True,True,True,True,True,待考,True,True,research/portrait-additions-20261004/generation-prompts-046-049.json
new,50,吕范,person:workbook:0f4643754992bf8b,portrait:additional:20261004:050,atlas/assets/portraits/20261004/050-ea5aaffd3428.png,edbbc4855990a006fdef7705ceefc55589ebdd0b21bf70eeeaec8e317347a5d2,True,941,1672,42,艺术表现年龄；选取人物成年生涯阶段，不作为新增史实生年或卒年。,True,True,True,True,True,待考,True,True,research/portrait-additions-20261004/generation-prompts-050-053.json
new,51,吕据,person:workbook:13d67596ded2f122,portrait:additional:20261004:051,atlas/assets/portraits/20261004/051-5ad66243e268.png,b3528181ba4dd940309204b5a99e7222c8456e7b000c9f46c7765f2fbf472e81,True,940,1672,47,艺术表现年龄；选取人物成年生涯阶段，不作为新增史实生年或卒年。,True,True,True,True,True,待考,True,True,research/portrait-additions-20261004/generation-prompts-050-053.json
new,52,潘璋,person:workbook:ce048756b79ed50b,portrait:additional:20261004:052,atlas/assets/portraits/20261004/052-d3ee14e21ec0.png,b0ba3b5f942a9fecc441167c28f883c54785864a37d71a8ac61cf222cfdf12bb,True,941,1672,37,艺术表现年龄；选取人物成年生涯阶段，不作为新增史实生年或卒年。,True,True,True,True,True,待考,True,True,research/portrait-additions-20261004/generation-prompts-050-053.json
new,53,朱桓,person:workbook:27d6e41cb67d1fd1,portrait:additional:20261004:053,atlas/assets/portraits/20261004/053-8600f246a01e.png,acf3798fc83a37f997b4bd44d2894af796e916308701e237c9ea134021327bfe,True,941,1672,42,艺术表现年龄；选取人物成年生涯阶段，不作为新增史实生年或卒年。,True,True,True,True,True,待考,True,True,research/portrait-additions-20261004/generation-prompts-050-053.json
new,54,朱异,person:workbook:6c03776739f1ff96,portrait:additional:20261004:054,atlas/assets/portraits/20261004/054-71adbf014236.png,d6d54fd518097ab7a4e43daf484a0fd02b0081f1c4531980a2447977203b3971,True,941,1672,45,艺术表现年龄；选取人物成年生涯阶段，不作为新增史实生年或卒年。,True,True,True,True,True,待考,True,True,research/portrait-additions-20261004/generation-prompts-054-057.json
new,55,贺齐,person:workbook:acf96f0df79b9763,portrait:additional:20261004:055,atlas/assets/portraits/20261004/055-c19036f2b4b3.png,e64bb39774b2bc76cbd2f05d31f545aac292e3a966638f17a4d84a679b1b4810,True,941,1672,37,艺术表现年龄；选取人物成年生涯阶段，不作为新增史实生年或卒年。,True,True,True,True,True,待考,True,True,research/portrait-additions-20261004/generation-prompts-054-057.json
new,56,凌统,person:workbook:8f4a4f3c4e74590e,portrait:additional:20261004:056,atlas/assets/portraits/20261004/056-d69776c1fcd5.png,0cfab5a59c7062af62533fd4747238bd1e59243545465ef0e9c8bb323a1cc6d2,True,941,1672,25,艺术表现年龄；选取人物成年生涯阶段，不作为新增史实生年或卒年。,True,True,True,True,True,待考,True,True,research/portrait-additions-20261004/generation-prompts-054-057.json
new,57,孙登,person:workbook:1af8c813e42c593a,portrait:additional:20261004:057,atlas/assets/portraits/20261004/057-9456711e8afc.png,4af5ab278bc3acc2418662d37c07a233f88adb08644bd214ccf15ebd0b3d187d,True,941,1672,25,艺术表现年龄；选取人物成年生涯阶段，不作为新增史实生年或卒年。,True,True,True,True,True,待考,True,True,research/portrait-additions-20261004/generation-prompts-054-057.json
new,58,孙虑,person:workbook:0030636331d737d4,portrait:additional:20261004:058,atlas/assets/portraits/20261004/058-90eee8b92178.png,9121240a40bbd1ccb2133958eeee0122f06fd3f3d6710f9460ce55c26f97ac62,True,941,1672,18,艺术表现年龄；选取人物成年生涯阶段，不作为新增史实生年或卒年。,True,True,True,True,True,待考,True,True,research/portrait-additions-20261004/generation-prompts-058-061.json
new,59,孙和,person:workbook:3125dd45a905b027,portrait:additional:20261004:059,atlas/assets/portraits/20261004/059-b9f7be2ed2ae.png,744967a200737495eb4120089500f5070067c59acb66193128ba547667488dca,True,941,1672,27,艺术表现年龄；选取人物成年生涯阶段，不作为新增史实生年或卒年。,True,True,True,True,True,待考,True,True,research/portrait-additions-20261004/generation-prompts-058-061.json
new,60,孙霸,person:workbook:5e368746bf7e5223,portrait:additional:20261004:060,atlas/assets/portraits/20261004/060-39586e4908de.png,9ee946dddf281a5947470a6d705e2481871f9d6d2a53eabcf1f18637df8644ef,True,941,1672,24,艺术表现年龄；选取人物成年生涯阶段，不作为新增史实生年或卒年。,True,True,True,True,True,待考,True,True,research/portrait-additions-20261004/generation-prompts-058-061.json
new,61,孙翊,person:workbook:574f37ff5239fb0e,portrait:additional:20261004:061,atlas/assets/portraits/20261004/061-5ae2af5a0ee9.png,b66fb1722c981276cf0a295e045fa4e2c5e1fa8814b694fa959c5f96002c82db,True,941,1672,20,艺术表现年龄；选取人物成年生涯阶段，不作为新增史实生年或卒年。,True,True,True,True,True,待考,True,True,research/portrait-additions-20261004/generation-prompts-058-061.json
new,62,孙皎,person:workbook:9cd8b6c498989e72,portrait:additional:20261004:062,atlas/assets/portraits/20261004/062-e8a8c1031a68.png,c3fe4045427d36ce74139df30980d4d335d21a88a347cf47600e3c08f2f65369,True,941,1672,30,艺术表现年龄；选取人物成年生涯阶段，不作为新增史实生年或卒年。,True,True,True,True,True,待考,True,True,research/portrait-additions-20261004/generation-prompts-062-065.json
new,63,孙瑜,person:workbook:4a32f37ae441be36,portrait:additional:20261004:063,atlas/assets/portraits/20261004/063-b6a06fc27e1b.png,3b095cf41a6a5e0252a7e9cbf7844dc4e6c7b3291d2c90cad86814746fa5f520,True,941,1672,35,艺术表现年龄；选取人物成年生涯阶段，不作为新增史实生年或卒年。,True,True,True,True,True,待考,True,True,research/portrait-additions-20261004/generation-prompts-062-065.json
new,64,孙奂,person:workbook:21aed21fb2a7475e,portrait:additional:20261004:064,atlas/assets/portraits/20261004/064-9fc6f186e7dc.png,82633cd10928eb2b8d52d8dc70fda60c7e7875b339cae2388e0b57545944ca16,True,941,1672,37,艺术表现年龄；选取人物成年生涯阶段，不作为新增史实生年或卒年。,True,True,True,True,True,待考,True,True,research/portrait-additions-20261004/generation-prompts-062-065.json
new,65,孙桓,person:workbook:90b82f85f8ff8cc7,portrait:additional:20261004:065,atlas/assets/portraits/20261004/065-9b9782aadf19.png,85cbacd27912d0b020e8861ede035976c761db7436dcee40f0233e4e2643a02e,True,941,1672,25,艺术表现年龄；选取人物成年生涯阶段，不作为新增史实生年或卒年。,True,True,True,True,True,待考,True,True,research/portrait-additions-20261004/generation-prompts-062-065.json
new,66,孙韶,person:workbook:de3f8ec33d59845c,portrait:additional:20261004:066,atlas/assets/portraits/20261004/066-052a89b552de.png,a4ac3892f67b865d12083ef7e0e30acba14b4cfe4a43331ed69899cdf0b39904,True,941,1672,47,艺术表现年龄；选取人物成年生涯阶段，不作为新增史实生年或卒年。,True,True,True,True,True,待考,True,True,research/portrait-additions-20261004/generation-prompts-066-069.json
new,67,顾邵,person:workbook:794a3b04ce375d77,portrait:additional:20261004:067,atlas/assets/portraits/20261004/067-e90537967611.png,07aaff2090252553fca566075d281bbcdd6057ec175ad4e06151d56e870d4bd7,True,941,1672,28,艺术表现年龄；选取人物成年生涯阶段，不作为新增史实生年或卒年。,True,True,True,True,True,待考,True,True,research/portrait-additions-20261004/generation-prompts-066-069.json
new,68,顾谭,person:workbook:53ea5d2a4f67b698,portrait:additional:20261004:068,atlas/assets/portraits/20261004/068-dc5203317187.png,62835c502503563edbf03cf9b138df08d15ecbd9a891286b15c41444a6ef2715,True,941,1672,35,艺术表现年龄；选取人物成年生涯阶段，不作为新增史实生年或卒年。,True,True,True,True,True,待考,True,True,research/portrait-additions-20261004/generation-prompts-066-069.json
new,69,顾承,person:workbook:44031635faac10b3,portrait:additional:20261004:069,atlas/assets/portraits/20261004/069-ca1537ef8e2b.png,e46255c5497d58494aa963e6169d7dc96879ed99e126ac65a8cff2ecc8143658,True,941,1672,30,艺术表现年龄；选取人物成年生涯阶段，不作为新增史实生年或卒年。,True,True,True,True,True,待考,True,True,research/portrait-additions-20261004/generation-prompts-066-069.json
new,70,虞翻,person:workbook:182be3d9bdbc4f2a,portrait:additional:20261004:070,atlas/assets/portraits/20261004/070-0253a4bf3e6a.png,a3a80227485e56f12b21996a2072f0c7fb593ddd49743260602c3ab419158818,True,941,1672,50,艺术表现年龄；选取人物成年生涯阶段，不作为新增史实生年或卒年。,True,True,True,True,True,待考,True,True,research/portrait-additions-20261004/generation-prompts-070-073.json
new,71,陆绩,person:workbook:cf1de8869c231965,portrait:additional:20261004:071,atlas/assets/portraits/20261004/071-13b0cd9f7fc0.png,d5ef2aee9fe94e0838295484df4b3d5a63b8cf12fe5f6d0798e285d9775fe4df,True,941,1672,28,艺术表现年龄；选取人物成年生涯阶段，不作为新增史实生年或卒年。,True,True,True,True,True,待考,True,True,research/portrait-additions-20261004/generation-prompts-070-073.json
new,72,陆瑁,person:workbook:c9f68e50aa7b85f2,portrait:additional:20261004:072,atlas/assets/portraits/20261004/072-b94d32480ad2.png,e7029b7e4eff1c176132bb1b9127a5fed33bec482215b0187f4799f9b1517d12,True,941,1672,47,艺术表现年龄；选取人物成年生涯阶段，不作为新增史实生年或卒年。,True,True,True,True,True,待考,True,True,research/portrait-additions-20261004/generation-prompts-070-073.json
new,73,张昭,person:workbook:c3e763dc1ca36797,portrait:additional:20261004:073,atlas/assets/portraits/20261004/073-b7a9839723c3.png,f9fe68ef3a9a27f56ef9fc7af45a8a942879f1ca909c81cccfc50ff3dc02a5fa,True,941,1672,65,艺术表现年龄；选取人物成年生涯阶段，不作为新增史实生年或卒年。,True,True,True,True,True,待考,True,True,research/portrait-additions-20261004/generation-prompts-070-073.json
new,74,张纮,person:workbook:4c0984b2976dcc8c,portrait:additional:20261004:074,atlas/assets/portraits/20261004/074-fa423f682ddd.png,320675b8d2257549da1329d96a2648ca4cdc0125080d8763a99a605277eb4fa2,True,941,1672,55,艺术表现年龄；选取人物成年生涯阶段，不作为新增史实生年或卒年。,True,True,True,True,True,待考,True,True,research/portrait-additions-20261004/generation-prompts-074-077.json
new,75,张承,person:workbook:55d46dfb6301bfdd,portrait:additional:20261004:075,atlas/assets/portraits/20261004/075-1da4a15a82fc.png,5e40aece60707852c96c676e509f473947bb1605036350b9faea19595eecb78e,True,941,1672,47,艺术表现年龄；选取人物成年生涯阶段，不作为新增史实生年或卒年。,True,True,True,True,True,待考,True,True,research/portrait-additions-20261004/generation-prompts-074-077.json
new,76,张休,person:workbook:15cc2c9abb43d5f6,portrait:additional:20261004:076,atlas/assets/portraits/20261004/076-1a2ecca8dc46.png,042663920e01aa11b7241f7b07fbb1eaef1143fe6ee35f33af8867e4a23bcf0a,True,941,1672,37,艺术表现年龄；选取人物成年生涯阶段，不作为新增史实生年或卒年。,True,True,True,True,True,待考,True,True,research/portrait-additions-20261004/generation-prompts-074-077.json
new,77,韦曜,person:workbook:46e0830a1559b223,portrait:additional:20261004:077,atlas/assets/portraits/20261004/077-db48805ee1f5.png,85bcfbd4710eee259bdf41e758bc56ca911e319e0184602f9607c17ba043dea8,True,941,1672,60,艺术表现年龄；选取人物成年生涯阶段，不作为新增史实生年或卒年。,True,True,True,True,True,待考,True,True,research/portrait-additions-20261004/generation-prompts-074-077.json
new,78,薛综,person:workbook:d251e91a3dce0c1f,portrait:additional:20261004:078,atlas/assets/portraits/20261004/078-6ef2c02bb94a.png,74433632efc26096fb8f189f741ef7b1f097af6ab2f3070b4dc7eafa41d4a8c6,True,941,1672,47,艺术表现年龄；选取人物成年生涯阶段，不作为新增史实生年或卒年。,True,True,True,True,True,待考,True,True,research/portrait-additions-20261004/generation-prompts-078-081.json
new,79,薛莹,person:workbook:9534045162a7b975,portrait:additional:20261004:079,atlas/assets/portraits/20261004/079-cd410f2089aa.png,70c6ccf652e69188c5179821264c2aa656db1b70d48ddffeafa59ffc4adf8bc8,True,941,1672,37,艺术表现年龄；选取人物成年生涯阶段，不作为新增史实生年或卒年。,True,True,True,True,True,待考,True,True,research/portrait-additions-20261004/generation-prompts-078-081.json
new,80,是仪,person:workbook:00220381566bc841,portrait:additional:20261004:080,atlas/assets/portraits/20261004/080-bd9d6954b2e4.png,8fd9445a79f8653f10b9b28216fc52128d0384c984379d7479cf97637c431e3f,True,941,1672,65,艺术表现年龄；选取人物成年生涯阶段，不作为新增史实生年或卒年。,True,True,True,True,True,待考,True,True,research/portrait-additions-20261004/generation-prompts-078-081.json
new,81,骆统,person:workbook:49f72876745d0b23,portrait:additional:20261004:081,atlas/assets/portraits/20261004/081-5c4bb1d2c7d8.png,88e8a9c155d0b5fb99bcc2f3b9cf3f61a64a78b4cbcfeb2856ac574bedecc48f,True,941,1672,27,艺术表现年龄；选取人物成年生涯阶段，不作为新增史实生年或卒年。,True,True,True,True,True,待考,True,True,research/portrait-additions-20261004/generation-prompts-078-081.json
new,82,全端,person:workbook:35bbf550ad7968bc,portrait:additional:20261004:082,atlas/assets/portraits/20261004/082-b1878c4503f8.png,7f5fb8f6c8bb96da18e30486a8c7fe97e980dec72f2c940077216a6d8ebecb15,True,941,1672,37,艺术表现年龄；选取人物成年生涯阶段，不作为新增史实生年或卒年。,True,True,True,True,True,待考,True,True,research/portrait-additions-20261004/generation-prompts-082-085.json
new,83,施绩,person:workbook:3e284e15d34ba295,portrait:additional:20261004:083,atlas/assets/portraits/20261004/083-bd3d9ba5f23f.png,564743493d22b8396a6af97fdf6f0706c7f40f0c5498e56cdd5d0b78fbfaab38,True,941,1672,42,艺术表现年龄；选取人物成年生涯阶段，不作为新增史实生年或卒年。,True,True,True,True,True,待考,True,True,research/portrait-additions-20261004/generation-prompts-082-085.json
new,84,陶璜,person:workbook:7182bbd15133a164,portrait:additional:20261004:084,atlas/assets/portraits/20261004/084-25ae09d4fd32.png,ca90e687cfc5eedb11090b408d28b8fab69dc78951f9fce5646c5c84f334f422,True,941,1672,47,艺术表现年龄；选取人物成年生涯阶段，不作为新增史实生年或卒年。,True,True,True,True,True,待考,True,True,research/portrait-additions-20261004/generation-prompts-082-085.json
new,85,张温,person:workbook:a37e4245804cb36e,portrait:additional:20261004:085,atlas/assets/portraits/20261004/085-e4a02482c947.png,2b8f15f2be0f09e3b4125bae7e884d20b3db65eec2d9d2bdc30c83e466eb78a6,True,941,1672,37,艺术表现年龄；选取人物成年生涯阶段，不作为新增史实生年或卒年。,True,True,True,True,True,待考,True,True,research/portrait-additions-20261004/generation-prompts-082-085.json
new,86,张俨,person:workbook:6a07964d2b98d65b,portrait:additional:20261004:086,atlas/assets/portraits/20261004/086-e5459ede24a4.png,d3b172e1ed861a161f6fa4a629c192c0c8b6c73f8acce217d2f8044e2bc971fd,True,941,1672,42,艺术表现年龄；选取人物成年生涯阶段，不作为新增史实生年或卒年。,True,True,True,True,True,待考,True,True,research/portrait-additions-20261004/generation-prompts-086-089.json
new,87,吴粲,person:workbook:1ff6f09d8bbd7441,portrait:additional:20261004:087,atlas/assets/portraits/20261004/087-b77c7dce1640.png,31abcdbdb0504d57bcab47329c6dadc3c7c924c202dc4474bdc0e0aaa1584187,True,941,1672,47,艺术表现年龄；选取人物成年生涯阶段，不作为新增史实生年或卒年。,True,True,True,True,True,待考,True,True,research/portrait-additions-20261004/generation-prompts-086-089.json
new,88,胡冲,person:workbook:c65da5e6d003b316,portrait:additional:20261004:088,atlas/assets/portraits/20261004/088-d03668fbdf3e.png,578bbb10c9b8e008be4b894f0602834926f328d02b6bc97a9c04dfa96c6fbcf1,True,941,1672,37,艺术表现年龄；选取人物成年生涯阶段，不作为新增史实生年或卒年。,True,True,True,True,True,待考,True,True,research/portrait-additions-20261004/generation-prompts-086-089.json
new,89,姚信,person:workbook:073b3ff1ff6fa01f,portrait:additional:20261004:089,atlas/assets/portraits/20261004/089-b1e99d0e4612.png,44a12b4793540206e111d8e3e3ae2bd82e890cd4a216444d905d469cdd19eab0,True,941,1672,42,艺术表现年龄；选取人物成年生涯阶段，不作为新增史实生年或卒年。,True,True,True,True,True,待考,True,True,research/portrait-additions-20261004/generation-prompts-086-089.json
new,90,皇甫谧,person:workbook:1c70c39869c886a5,portrait:additional:20261004:090,atlas/assets/portraits/20261004/090-c96570ff923a.png,90f140f0f44d40cbd6465644ddef4a5699922f78be7e16ecdc0a6aae1cf0bd89,True,940,1672,55,艺术表现年龄；选取人物成年生涯阶段，不作为新增史实生年或卒年。,True,True,True,True,True,待考,True,True,research/portrait-additions-20261004/generation-prompts-090-093.json
new,91,胡昭,person:workbook:02c69025c5f8b08e,portrait:additional:20261004:091,atlas/assets/portraits/20261004/091-72b78863a1a4.png,1d5e9c9c13dd6e4f95829962de30bd516f94c2171f38b481896faf4d7ae9dae3,True,941,1672,65,艺术表现年龄；选取人物成年生涯阶段，不作为新增史实生年或卒年。,True,True,True,True,True,待考,True,True,research/portrait-additions-20261004/generation-prompts-090-093.json
new,92,嵇康,person:workbook:ab3f11c9fd37c550,portrait:additional:20261004:092,atlas/assets/portraits/20261004/092-3686b7d9da7d.png,e91015bc5c0ddd0eb05e977fd100df93efe7c0560271155f4e52460600cfb944,True,941,1672,35,艺术表现年龄；选取人物成年生涯阶段，不作为新增史实生年或卒年。,True,True,True,True,True,待考,True,True,research/portrait-additions-20261004/generation-prompts-090-093.json
new,93,阮咸,person:workbook:57ac183051da8908,portrait:additional:20261004:093,atlas/assets/portraits/20261004/093-3c07da22e4c4.png,db8adf37d97520de757d86e10e47794c07051bb6fb42e08d34ff6a70f1418048,True,941,1672,35,艺术表现年龄；选取人物成年生涯阶段，不作为新增史实生年或卒年。,True,True,True,True,True,待考,True,True,research/portrait-additions-20261004/generation-prompts-090-093.json
new,94,刘伶,person:workbook:48fbdc0cbca0a40f,portrait:additional:20261004:094,atlas/assets/portraits/20261004/094-ad516e2106db.png,0c7c79dd594639da9779a9fcfa0fc63f4d3990ddadd5414c37d4824529af36f4,True,940,1672,50,艺术表现年龄；选取人物成年生涯阶段，不作为新增史实生年或卒年。,True,True,True,True,True,待考,True,True,research/portrait-additions-20261004/generation-prompts-094-097.json
new,95,左思,person:workbook:3cffb00ce8178af9,portrait:additional:20261004:095,atlas/assets/portraits/20261004/095-fed08a981284.png,042b85392c39fd7ccd228e7f65b0506ef2f81ad06ad76450dd3af448e599c249,True,941,1672,40,艺术表现年龄；选取人物成年生涯阶段，不作为新增史实生年或卒年。,True,True,True,True,True,待考,True,True,research/portrait-additions-20261004/generation-prompts-094-097.json
new,96,左芬,person:workbook:43b05016ff560d0c,portrait:additional:20261004:096,atlas/assets/portraits/20261004/096-565e5f2c6b26.png,565e5f2c6b268f507c3e7944a9086fd919ed98ff0596d5bd5da8f8bf5f17414e,True,941,1672,40,艺术表现年龄；选取人物成年生涯阶段，不作为新增史实生年或卒年。,True,True,True,True,True,待考,True,True,research/portrait-additions-20261004/generation-prompts-094-097.json
new,97,潘岳,person:workbook:7d4b02d65ae41ff2,portrait:additional:20261004:097,atlas/assets/portraits/20261004/097-71b640cf4de5.png,5561d2e4b42a90cf8b6de24d955b5f5ffcca8a718d8b1a77787b535952fb1e44,True,941,1672,40,艺术表现年龄；选取人物成年生涯阶段，不作为新增史实生年或卒年。,True,True,True,True,True,待考,True,True,research/portrait-additions-20261004/generation-prompts-094-097.json
new,98,陆云,person:workbook:bdd656a6c5068a7e,portrait:additional:20261004:098,atlas/assets/portraits/20261004/098-faca6c60a817.png,a8cc96a56c22e4458a2bbafcbc3ede158affcde7b31cf18ea0df88b67c6fce12,True,941,1672,35,艺术表现年龄；选取人物成年生涯阶段，不作为新增史实生年或卒年。,True,True,True,True,True,待考,True,True,research/portrait-additions-20261004/generation-prompts-098-100.json
new,99,傅咸,person:workbook:2285f2367012c01d,portrait:additional:20261004:099,atlas/assets/portraits/20261004/099-18e8897f257e.png,f294152ffdc1cee02f4e52d4ba78679954a0aa053ff34c86bf858c5b18ca7900,True,941,1672,50,艺术表现年龄；选取人物成年生涯阶段，不作为新增史实生年或卒年。,True,True,True,True,True,待考,True,True,research/portrait-additions-20261004/generation-prompts-098-100.json
new,100,司马遹,person:workbook:2da887ae5ef36983,portrait:additional:20261004:100,atlas/assets/portraits/20261004/100-e486c7726cf3.png,9b771cda0761c31b7eba2bd7f89728b4f70c9469b757037928fae9afb83d10c4,True,941,1672,20,艺术表现年龄；选取人物成年生涯阶段，不作为新增史实生年或卒年。,True,True,True,True,True,待考,True,True,research/portrait-additions-20261004/generation-prompts-098-100.json
independent-redraw,1,袁绍,person:source:653eea8eb9c6,portrait:asset:4a8d7ec65c7bdbaa672d,atlas/assets/portraits/20261004/frontal/portrait-asset-4a8d7ec65c7bdbaa672d-redraw.png,2ffb0aca9f8bb2b8a9de3ee6d9f64085aee3fb13000d88af582f84384cb72dfa,True,941,1672,45,艺术表现年龄；保留原图所示成年或老年生涯阶段，不作为史实生年、卒年或真实肖像。,True,True,True,True,True,待考,True,True,
independent-redraw,2,毕谌,person:source:e078e67a29ef,portrait:asset:e5e0e72fc32b5929579a,atlas/assets/portraits/20261004/frontal/portrait-asset-e5e0e72fc32b5929579a-redraw.png,6e361d1b26fd77195a49eb33e5de2ab4ce99987c2fe96585a092f39f81bbd2a4,True,941,1672,40,艺术表现年龄；保留原图所示成年或老年生涯阶段，不作为史实生年、卒年或真实肖像。,True,True,True,True,True,待考,True,True,
independent-redraw,3,钟繇,person:wei:zhong-yao,portrait:asset:457b78ae1133d63df5e2,atlas/assets/portraits/20261004/frontal/portrait-asset-457b78ae1133d63df5e2-redraw.png,9f8fba9f4cf408690151198a6d6006b330ec25065429666f7a08946d51e13455,True,941,1672,65,艺术表现年龄；保留原图所示成年或老年生涯阶段，不作为史实生年、卒年或真实肖像。,True,True,True,True,True,待考,True,True,
independent-redraw,4,崔烈,person:source:cf82fa4d1264,portrait:asset:44f3fd03e6d293e118a7,atlas/assets/portraits/20261004/frontal/portrait-asset-44f3fd03e6d293e118a7-redraw.png,7d0bae328a5721284ce14acdc807556c0078524bea216142248c3d1fe7f54c7d,True,941,1672,40,艺术表现年龄；保留原图所示成年或老年生涯阶段，不作为史实生年、卒年或真实肖像。,True,True,True,True,True,待考,True,True,
independent-redraw,5,荀攸,person:source:9f7272bc767c,portrait:asset:de688a2964451c72e17b,atlas/assets/portraits/20261004/frontal/portrait-asset-de688a2964451c72e17b-redraw.png,c81e6ac8f3d54d06bd0faf71a1d0ae6abc67299d9b43b6390e475a1d5b38ea37,True,941,1672,40,艺术表现年龄；保留原图所示成年生涯阶段，不作为史实生年或卒年。,True,True,True,True,True,待考,True,True,
independent-redraw,6,何夔,person:source:b2dc15c2b1f2,portrait:asset:008242744fad9253fdfb,atlas/assets/portraits/20261004/frontal/portrait-asset-008242744fad9253fdfb-redraw.png,61bad608272eb8beba5eb4412b588b6327dcfeb6627573b8b1c2af29fac3cf08,True,940,1672,40,艺术表现年龄；保留原图所示成年生涯阶段，不作为史实生年或卒年。,True,True,True,True,True,待考,True,True,
independent-redraw,7,和洽,person:source:72237d3083d5,portrait:asset:803dce489c98f4df95a1,atlas/assets/portraits/20261004/frontal/portrait-asset-803dce489c98f4df95a1-redraw.png,ef826e567c5448773aa8f2f3faf050a193815d6cdd84d812cfd3e7c1c52699d2,True,941,1672,40,艺术表现年龄；保留原图所示成年生涯阶段，不作为史实生年或卒年。,True,True,True,True,True,待考,True,True,
independent-redraw,8,贾诩,person:wei:jia-xu,portrait:asset:e257541289123b1f8b12,atlas/assets/portraits/20261004/frontal/portrait-asset-e257541289123b1f8b12-redraw.png,be8e1c1a07741a17632fd7534b08ffee725ce7a572df83817b8f2737855a0635,True,941,1672,60,艺术表现年龄；保留原图所示成年生涯阶段，不作为史实生年或卒年。,True,True,True,True,True,待考,True,True,
independent-redraw,9,夏侯惇,person:source:2a7e68aa7262,portrait:asset:b9e8fac180c1739d8f86,atlas/assets/portraits/20261004/frontal/portrait-asset-b9e8fac180c1739d8f86-redraw.png,bb85f7a1a1563d8ab2aa2a975f22ef3b5ee10a79fbe4aa8d1221a6865295d1b6,True,941,1672,40,艺术表现年龄；采用成年生涯阶段，不作为新增生年卒年或真实肖像。,True,True,True,True,True,待考,True,True,research/portrait-additions-20261004/redraw-prompts-009-012.json
independent-redraw,10,曹仁,person:wei:cao-ren,portrait:asset:50e9591a5fe4e4d65af4,atlas/assets/portraits/20261004/frontal/portrait-asset-50e9591a5fe4e4d65af4-redraw.png,17b5cabe69f4fedbce4114dccd55d3e989b2849d2180210d78b6d6fc95571cde,True,941,1672,40,艺术表现年龄；采用成年生涯阶段，不作为新增生年卒年或真实肖像。,True,True,True,True,True,待考,True,True,research/portrait-additions-20261004/redraw-prompts-009-012.json
independent-redraw,11,华歆,person:wei:hua-xin,portrait:asset:fc2102bea4cf1c10ee9c,atlas/assets/portraits/20261004/frontal/portrait-asset-fc2102bea4cf1c10ee9c-redraw.png,84eae5249a44df365370f7b620a6aa8b08217d39b37dd8db948e66b5a39de83e,True,941,1672,50,艺术表现年龄；采用成年生涯阶段，不作为新增生年卒年或真实肖像。,True,True,True,True,True,待考,True,True,research/portrait-additions-20261004/redraw-prompts-009-012.json
independent-redraw,12,公孙恭,person:source:11e5afb2df97,portrait:asset:5b0cbebc459a0b3ed80e,atlas/assets/portraits/20261004/frontal/portrait-asset-5b0cbebc459a0b3ed80e-redraw.png,91a4fcbfe40687b109c18d979072466d2b63bda64d51cafcc0d05e27391033a7,True,941,1672,40,艺术表现年龄；采用成年生涯阶段，不作为新增生年卒年或真实肖像。,True,True,True,True,True,待考,True,True,research/portrait-additions-20261004/redraw-prompts-009-012.json
independent-redraw,13,曹真,person:wei:cao-zhen,portrait:asset:dc4e9faf139f2e161845,atlas/assets/portraits/20261004/frontal/portrait-asset-dc4e9faf139f2e161845-redraw.png,e4b3b1bfe981e036a4649e25cd4d8d76b981cb7e451621d3e72a2acf5924967a,True,941,1672,40,艺术表现年龄；采用成年生涯阶段，不作为新增生年卒年或真实肖像。,True,True,True,True,True,待考,True,True,research/portrait-additions-20261004/redraw-prompts-013-016.json
independent-redraw,14,董昭,person:source:6d19a25fbe7e,portrait:asset:b6358b65b764a773276b,atlas/assets/portraits/20261004/frontal/portrait-asset-b6358b65b764a773276b-redraw.png,9744abe295934cab833dc30bf855cec98c604d1de70195ee8e50ac8e17d80a0c,True,941,1672,40,艺术表现年龄；采用成年生涯阶段，不作为新增生年卒年或真实肖像。,True,True,True,True,True,待考,True,True,research/portrait-additions-20261004/redraw-prompts-013-016.json
independent-redraw,15,陈矫,person:source:f70e8bb46940,portrait:asset:0286a3b0675d19a9222e,atlas/assets/portraits/20261004/frontal/portrait-asset-0286a3b0675d19a9222e-redraw.png,3d0f3cdbc9a01e84c3b90e72017394f8275d949f88407146a2fedae2d4224d81,True,941,1672,40,艺术表现年龄；采用成年生涯阶段，不作为新增生年卒年或真实肖像。,True,True,True,True,True,待考,True,True,research/portrait-additions-20261004/redraw-prompts-013-016.json
independent-redraw,16,韩暨,person:source:57f563d7a1ce,portrait:asset:e772f731bd2578f3648a,atlas/assets/portraits/20261004/frontal/portrait-asset-e772f731bd2578f3648a-redraw.png,891f0f3d555957b94cc9db3de46c77c1e14180939a692db76a87dee62eb94000,True,941,1672,40,艺术表现年龄；采用成年生涯阶段，不作为新增生年卒年或真实肖像。,True,True,True,True,True,待考,True,True,research/portrait-additions-20261004/redraw-prompts-013-016.json
independent-redraw,17,卫臻,person:wei:wei-zhen,portrait:asset:9dc98ee30e4c27e42f97,atlas/assets/portraits/20261004/frontal/portrait-asset-9dc98ee30e4c27e42f97-redraw.png,4ebde7f57f3bd7cb13e6a6e1b8d2888633a0aca248fd58873327de2ff17f3eb8,True,941,1672,40,艺术表现年龄；采用成年生涯阶段，不作为新增生年卒年或真实肖像。,True,True,True,True,True,待考,True,True,research/portrait-additions-20261004/redraw-prompts-017-020.json
independent-redraw,18,陈群,person:source:a80a9d39a6e9,portrait:asset:dc2096ec2558bca1feaf,atlas/assets/portraits/20261004/frontal/portrait-asset-dc2096ec2558bca1feaf-redraw.png,2384aecb06555e01e136e019c23a494ffe51896fd4c5c164fd20ae0a8329756c,True,941,1672,40,艺术表现年龄；采用成年生涯阶段，不作为新增生年卒年或真实肖像。,True,True,True,True,True,待考,True,True,research/portrait-additions-20261004/redraw-prompts-017-020.json
independent-redraw,19,公孙渊,person:source:5da0dd364783,portrait:asset:1f02af1b00d2822c01e8,atlas/assets/portraits/20261004/frontal/portrait-asset-1f02af1b00d2822c01e8-redraw.png,73367c6d9171e1a0b07ff5da8b39290183bf96524494a0d4f2ccc0129f56a856,True,941,1672,40,艺术表现年龄；采用成年生涯阶段，不作为新增生年卒年或真实肖像。,True,True,True,True,True,待考,True,True,research/portrait-additions-20261004/redraw-prompts-017-020.json
independent-redraw,20,崔林,person:wei:cui-lin,portrait:asset:712f4828384810e966c8,atlas/assets/portraits/20261004/frontal/portrait-asset-712f4828384810e966c8-redraw.png,d384318507153dde3e02ad763c749fa74887de128c6054887830a0f0b55277ed,True,941,1672,40,艺术表现年龄；采用成年生涯阶段，不作为新增生年卒年或真实肖像。,True,True,True,True,True,待考,True,True,research/portrait-additions-20261004/redraw-prompts-017-020.json
independent-redraw,21,毛嘉,person:source:272c8716cddb,portrait:asset:e33b5cb8058c99382f84,atlas/assets/portraits/20261004/frontal/portrait-asset-e33b5cb8058c99382f84-redraw.png,322eec68c117c0b360d4debce9a059f176990ce8544106b3a6b7758255c8bc62,True,941,1672,40,艺术表现年龄；采用成年生涯阶段，不作为新增生年卒年或真实肖像。,True,True,True,True,True,待考,True,True,research/portrait-additions-20261004/redraw-prompts-021-024.json
independent-redraw,22,黄权,person:source:182106820ab7,portrait:asset:24986a1dab75f9fd5de8,atlas/assets/portraits/20261004/frontal/portrait-asset-24986a1dab75f9fd5de8-redraw.png,744b59d595f97c186539d31bb6e883baa305744763c9d77e6b601262565e125e,True,941,1672,40,艺术表现年龄；采用成年生涯阶段，不作为新增生年卒年或真实肖像。,True,True,True,True,True,待考,True,True,research/portrait-additions-20261004/redraw-prompts-021-024.json
independent-redraw,23,高柔,person:source:c9646b99be7a,portrait:asset:2d58a6298f82315fc078,atlas/assets/portraits/20261004/frontal/portrait-asset-2d58a6298f82315fc078-redraw.png,e0cf9d96da566226994d75b1d1d1a975370256def24c45663a2adbfbcd9b2c2a,True,941,1672,40,艺术表现年龄；采用成年生涯阶段，不作为新增生年卒年或真实肖像。,True,True,True,True,True,待考,True,True,research/portrait-additions-20261004/redraw-prompts-021-024.json
independent-redraw,24,刘放,person:wei:liu-fang,portrait:asset:36e2a2e03c6bb137b3ed,atlas/assets/portraits/20261004/frontal/portrait-asset-36e2a2e03c6bb137b3ed-redraw.png,ff66776efa834185a769edcee3581bedfa5dbe5f84632f917f3ed6926537234b,True,941,1672,40,艺术表现年龄；采用成年生涯阶段，不作为新增生年卒年或真实肖像。,True,True,True,True,True,待考,True,True,research/portrait-additions-20261004/redraw-prompts-021-024.json
independent-redraw,25,孙礼,person:wei:sun-li,portrait:asset:ea84ab90308885835022,atlas/assets/portraits/20261004/frontal/portrait-asset-ea84ab90308885835022-redraw.png,a0c9749865fe4774a17710265d6023c64f2cf9d2fcc769343900e3ac87a2637e,True,941,1672,40,艺术表现年龄；采用成年生涯阶段，不作为新增生年卒年或真实肖像。,True,True,True,True,True,待考,True,True,research/portrait-additions-20261004/redraw-prompts-025-028.json
independent-redraw,26,孙资,person:source:ef20cd1a60a8,portrait:asset:b5de634c2bcdad2173b0,atlas/assets/portraits/20261004/frontal/portrait-asset-b5de634c2bcdad2173b0-redraw.png,9257e2ad1256aaaca3b546919f5dca80ac5ecd4b7d28fdd3e64ce6d53d38fdba,True,941,1672,40,艺术表现年龄；采用成年生涯阶段，不作为新增生年卒年或真实肖像。,True,True,True,True,True,待考,True,True,research/portrait-additions-20261004/redraw-prompts-025-028.json
independent-redraw,27,司马孚,person:jin:sima-fu,portrait:asset:7daceaa85d9775814ad2,atlas/assets/portraits/20261004/frontal/portrait-asset-7daceaa85d9775814ad2-redraw.png,d899e3b551832df47fd17817e26d39eff65dc70cc54f267a24fad90e3f4add15,True,941,1672,40,艺术表现年龄；采用成年生涯阶段，不作为新增生年卒年或真实肖像。,True,True,True,True,True,待考,True,True,research/portrait-additions-20261004/redraw-prompts-025-028.json
independent-redraw,28,郑冲,person:jin:zheng-chong,portrait:asset:1ebb4f5877f4ec62079d,atlas/assets/portraits/20261004/frontal/portrait-asset-1ebb4f5877f4ec62079d-redraw.png,e08935ebaac4a38b9526c3f367fa9dc0a97fd22343498bebec9502227cf766e7,True,941,1672,40,艺术表现年龄；采用成年生涯阶段，不作为新增生年卒年或真实肖像。,True,True,True,True,True,待考,True,True,research/portrait-additions-20261004/redraw-prompts-025-028.json
independent-redraw,29,夏侯玄,person:wei:xiahou-xuan,portrait:asset:ed32e81cd45d35581f7e,atlas/assets/portraits/20261004/frontal/portrait-asset-ed32e81cd45d35581f7e-redraw.png,e998570236335cd2142fa4fea5f07583663c3bbfebb3ec0a1d297b1d21ba1e17,True,941,1672,32,艺术表现年龄32岁，选取青年成年生涯阶段，不作为新增生年卒年或真实肖像。,True,True,True,True,True,待考,True,True,research/portrait-additions-20261004/redraw-prompts-029-032.json
independent-redraw,30,司马望,person:jin:sima-wang,portrait:asset:403d161fe69236256a9f,atlas/assets/portraits/20261004/frontal/portrait-asset-403d161fe69236256a9f-redraw.png,84a30b642c92c5f108b3b60392643a16e54ca4dc7f88e745ae3c8ebb3717287f,True,941,1672,40,艺术表现年龄；采用成年生涯阶段，不作为新增生年卒年或真实肖像。,True,True,True,True,True,待考,True,True,research/portrait-additions-20261004/redraw-prompts-029-032.json
independent-redraw,31,徐邈,person:wei:xu-miao,portrait:asset:8d6da92cbcf5e069524a,atlas/assets/portraits/20261004/frontal/portrait-asset-8d6da92cbcf5e069524a-redraw.png,0911fde12d2e8cad6770b0b29a354a5f7c7cd8ae4e465b72dcd048e81241d324,True,941,1672,40,艺术表现年龄；采用成年生涯阶段，不作为新增生年卒年或真实肖像。,True,True,True,True,True,待考,True,True,research/portrait-additions-20261004/redraw-prompts-029-032.json
independent-redraw,32,卢毓,person:source:0e535702e1a5,portrait:asset:9e4f2cbc311a9121e6c8,atlas/assets/portraits/20261004/frontal/portrait-asset-9e4f2cbc311a9121e6c8-redraw.png,3c03a60f48f1df574d4593f668318987972c9a5a2a46fe97ed56a27a7d12cd79,True,941,1672,40,艺术表现年龄；采用成年生涯阶段，不作为新增生年卒年或真实肖像。,True,True,True,True,True,待考,True,True,research/portrait-additions-20261004/redraw-prompts-029-032.json
independent-redraw,33,钟會,person:source:6bea1ab8f79e,portrait:asset:9e2cc04fbaa598e15679,atlas/assets/portraits/20261004/frontal/portrait-asset-9e2cc04fbaa598e15679-redraw.png,943686833f471ca39da83bce2df72b0d27b51a0a2f6bcd097f357e784377f061,True,941,1672,32,艺术表现年龄32岁，选取成年生涯阶段，不作为新增生年卒年或真实肖像。,True,True,True,True,True,待考,True,True,research/portrait-additions-20261004/redraw-prompts-033-036.json
independent-redraw,34,荀顗,person:jin:xun-yi,portrait:asset:26877c9afcb61494330c,atlas/assets/portraits/20261004/frontal/portrait-asset-26877c9afcb61494330c-redraw.png,c10ceb6a63afd110b87296c2246e972c3bdb8cd87ed631579786ec735474de36,True,941,1672,40,艺术表现年龄40岁，选取成年生涯阶段，不作为新增生年卒年或真实肖像。,True,True,True,True,True,待考,True,True,research/portrait-additions-20261004/redraw-prompts-033-036.json
independent-redraw,35,卞隆,person:source:536f3eca900e,portrait:asset:8a6f13a96e3146201f05,atlas/assets/portraits/20261004/frontal/portrait-asset-8a6f13a96e3146201f05-redraw.png,c342758fb6428c7b14b6f661f5515cec5029c4f77f424909d144ab7dd049092b,True,941,1672,40,艺术表现年龄40岁，选取成年生涯阶段，不作为新增生年卒年或真实肖像。,True,True,True,True,True,待考,True,True,research/portrait-additions-20261004/redraw-prompts-033-036.json
independent-redraw,36,刘禅,person:shu:liu-shan,portrait:asset:0445b075c891f99b2a5b,atlas/assets/portraits/20261004/frontal/portrait-asset-0445b075c891f99b2a5b-redraw.png,12b4ac381bb282b63a9ba4c83959652a687524bf4aeadd44a4343954a267acb9,True,941,1672,28,艺术表现年龄28岁，选取成年生涯阶段，不作为新增生年卒年或真实肖像。,True,True,True,True,True,待考,True,True,research/portrait-additions-20261004/redraw-prompts-033-036.json
independent-redraw,37,郭建,person:source:b429e221c1e7,portrait:asset:02cf025776b8cfbfe432,atlas/assets/portraits/20261004/frontal/portrait-asset-02cf025776b8cfbfe432-redraw.png,0e1c2a1a57dd13a2dffd5615cab013c43d197de72ff5aff5f2e8dfb72f9eb486,True,941,1672,40,艺术表现年龄40岁，选取成年生涯阶段，不作为新增生年卒年或真实肖像。,True,True,True,True,True,待考,True,True,research/portrait-additions-20261004/redraw-prompts-037-040.json
independent-redraw,38,董旻,person:han:dong-min,portrait:asset:53e90100874056f65c73,atlas/assets/portraits/20261004/frontal/portrait-asset-53e90100874056f65c73-redraw.png,2904492335a706a667d287cab2e9b32e9f8ba431078e81bbd37ef6546986101f,True,941,1672,40,艺术表现年龄40岁，选取成年生涯阶段，不作为新增生年卒年或真实肖像。,True,True,True,True,True,待考,True,True,research/portrait-additions-20261004/redraw-prompts-037-040.json
independent-redraw,39,袁隗,person:source:c14b0af3e85f,portrait:asset:e389c7a44fbffbec0a02,atlas/assets/portraits/20261004/frontal/portrait-asset-e389c7a44fbffbec0a02-redraw.png,45da5efcbe9c5285946d6ff0346e6789f4767e74b9e0c7d0fe83c65e2f0c6c37,True,941,1672,50,艺术表现年龄50岁，选取成年生涯阶段，不作为新增生年卒年或真实肖像。,True,True,True,True,True,待考,True,True,research/portrait-additions-20261004/redraw-prompts-037-040.json
independent-redraw,40,皇甫嵩,person:source:779b07352932,portrait:asset:8bb6ff5c2bc92f2365c7,atlas/assets/portraits/20261004/frontal/portrait-asset-8bb6ff5c2bc92f2365c7-redraw.png,54389398545fa565e26c11bb6f19b9ec167359b6119a0feb25f11abd595e949d,True,941,1672,50,艺术表现年龄50岁，选取成年生涯阶段，不作为新增生年卒年或真实肖像。,True,True,True,True,True,待考,True,True,research/portrait-additions-20261004/redraw-prompts-037-040.json
independent-redraw,41,孔融,person:source:c9b3bc9bb023,portrait:asset:72d305f5779f5c07282b,atlas/assets/portraits/20261004/frontal/portrait-asset-72d305f5779f5c07282b-redraw.png,e6de8c77bac72fa7cbb1847afedfb494de269c8f4adb25311f8354b6dc46c8b2,True,941,1672,40,艺术表现年龄；采用成年生涯阶段，不作为新增生年卒年或真实肖像。,True,True,True,True,True,待考,True,True,research/portrait-additions-20261004/redraw-prompts-041-044.json
independent-redraw,42,苏代,person:source:b1b81e555a99,portrait:asset:9626f32347d22414fd8a,atlas/assets/portraits/20261004/frontal/portrait-asset-9626f32347d22414fd8a-redraw.png,485b71c415e65502621e8a6a756d689d6373180d336ba41274054268ee1a738a,True,941,1672,40,艺术表现成年阶段；个人衣冠时代归属无直接证据，待考。,True,True,True,True,True,待考,True,True,research/portrait-additions-20261004/redraw-prompts-041-044.json
independent-redraw,43,张鲁,person:han:zhang-lu,portrait:asset:6e35ca62fbccfbb7b4de,atlas/assets/portraits/20261004/frontal/portrait-asset-6e35ca62fbccfbb7b4de-redraw.png,aa8abafcf1c40155c203ac263439b0aad9304933f6b0a748f1870218673e93ad,True,941,1672,40,艺术表现年龄；采用成年生涯阶段，不作为新增生年卒年或真实肖像。,True,True,True,True,True,待考,True,True,research/portrait-additions-20261004/redraw-prompts-041-044.json
independent-redraw,44,李丰,person:wei:li-feng,portrait:asset:94cd4ddd480257a3e94f,atlas/assets/portraits/20261004/frontal/portrait-asset-94cd4ddd480257a3e94f-redraw.png,938a8979174ff345afc3792ab0891b498fb49a1a33f9139295ec4af52c28b690,True,941,1672,40,艺术表现年龄；采用成年生涯阶段，不作为新增生年卒年或真实肖像。,True,True,True,True,True,待考,True,True,research/portrait-additions-20261004/redraw-prompts-041-044.json
independent-redraw,45,蒋济,person:source:4e121ec2c327,portrait:asset:7a785ebf895149f6f1e0,atlas/assets/portraits/20261004/frontal/portrait-asset-7a785ebf895149f6f1e0-redraw.png,49f2a58f80f04e0092773161b8e32a89ab9a712d835f0a1b01715b2ecc71668e,True,941,1672,40,艺术表现年龄；采用成年生涯阶段，不作为新增生年卒年或真实肖像。,True,True,True,True,True,待考,True,True,research/portrait-additions-20261004/redraw-prompts-045-048.json
independent-redraw,46,和嶠,person:source:3615e33dea42,portrait:asset:c2c9a2992410b0bab743,atlas/assets/portraits/20261004/frontal/portrait-asset-c2c9a2992410b0bab743-redraw.png,124b77dfc3dcfad7ed3bbb3d97e109b122d70bc0679b44b47947878acc30a8cd,True,940,1672,40,艺术表现年龄；采用成年生涯阶段，不作为新增生年卒年或真实肖像。,True,True,True,True,True,待考,True,True,research/portrait-additions-20261004/redraw-prompts-045-048.json
independent-redraw,47,荀彧,person:source:035be51454ba,portrait:asset:29cd19a33fa95dcc28d0,atlas/assets/portraits/20261004/frontal/portrait-asset-29cd19a33fa95dcc28d0-redraw.png,1d8d1cde5cdcf7a08b10d16c42a0e97a00b372ee2837ac09d00dfa9e01a586eb,True,941,1672,40,艺术表现年龄；采用成年生涯阶段，不作为新增生年卒年或真实肖像。,True,True,True,True,True,待考,True,True,research/portrait-additions-20261004/redraw-prompts-045-048.json
independent-redraw,48,成弘,person:source:004770996fff,portrait:asset:0a7ff1ca88a2b12c92a4,atlas/assets/portraits/20261004/frontal/portrait-asset-0a7ff1ca88a2b12c92a4-redraw.png,1e8686748b2940ad7a2295ed7244242bfd54ef346f60596cad7bed4ed3352b47,True,941,1672,40,艺术表现年龄；采用成年生涯阶段，不作为新增生年卒年或真实肖像。,True,True,True,True,True,待考,True,True,research/portrait-additions-20261004/redraw-prompts-045-048.json
independent-redraw,49,邹岐,person:wei:zou-qi,portrait:asset:076b318f5b67fac393c8,atlas/assets/portraits/20261004/frontal/portrait-asset-076b318f5b67fac393c8-redraw.png,b05f57dfa66a386d7930d39de0a2dd3ee2ec9f3a22f118e7e793dfc20b6e5575,True,940,1672,40,艺术表现年龄40岁，选取成年生涯阶段，不作为新增生年卒年或真实肖像。,True,True,True,True,True,待考,True,True,research/portrait-additions-20261004/redraw-prompts-049-052.json
independent-redraw,50,胡业,person:source:b88e0c05cd6b,portrait:asset:74dd95ec9c987fbfdde0,atlas/assets/portraits/20261004/frontal/portrait-asset-74dd95ec9c987fbfdde0-redraw.png,30866a2588e1d3e5ffe4d63cad5372046961d6fb3252cfc81f5180b61d5e6ec6,True,941,1672,40,艺术表现年龄40岁，选取成年生涯阶段，不作为新增生年卒年或真实肖像。,True,True,True,True,True,待考,True,True,research/portrait-additions-20261004/redraw-prompts-049-052.json
independent-redraw,51,刘表,person:han:liu-biao,portrait:asset:24bd0f21d01c0adac5d9,atlas/assets/portraits/20261004/frontal/portrait-asset-24bd0f21d01c0adac5d9-redraw.png,055cf9c34ad2a20e249c4718dc2f4986788478381321df135b7804b74ccbb7e5,True,941,1672,55,艺术表现年龄55岁，选取成年生涯阶段，不作为新增生年卒年或真实肖像。,True,True,True,True,True,待考,True,True,research/portrait-additions-20261004/redraw-prompts-049-052.json
independent-redraw,52,曹爽,person:wei:cao-shuang,portrait:asset:e2bb806248e3e21e3b46,atlas/assets/portraits/20261004/frontal/portrait-asset-e2bb806248e3e21e3b46-redraw.png,27eeffe32118b01185d7b75d3484f84505d5f47ddc419a7d11e91b38a2fb5f02,True,941,1672,40,艺术表现年龄40岁，选取成年生涯阶段，不作为新增生年卒年或真实肖像。,True,True,True,True,True,待考,True,True,research/portrait-additions-20261004/redraw-prompts-049-052.json
independent-redraw,53,韦康,person:wei:wei-kang,portrait:asset:0052ce665990d2acb47a,atlas/assets/portraits/20261004/frontal/portrait-asset-0052ce665990d2acb47a-redraw.png,6773085896ffd7bfa9af45506873ac0f230b308f943af177101bf657b7ff62ec,True,941,1672,40,艺术表现年龄40岁，选取成年或老年生涯阶段；不作为史实年龄或容貌证据。,True,True,True,True,True,待考,True,True,research/portrait-additions-20261004/redraw-prompts-053-056.json
independent-redraw,54,孙朗,person:source:bdf065c626f6,portrait:asset:496c881354898aa3b874,atlas/assets/portraits/20261004/frontal/portrait-asset-496c881354898aa3b874-redraw.png,4787ef92c9f4a2e110299e521dfc6c40f82b257a24062e5f3540d96e76254baa,True,941,1672,25,艺术表现年龄25岁，选取成年或老年生涯阶段；不作为史实年龄或容貌证据。,True,True,True,True,True,待考,True,True,research/portrait-additions-20261004/redraw-prompts-053-056.json
independent-redraw,55,刘虞,person:source:ab031a3e252f,portrait:asset:63a6fe8d07d7c35ebf32,atlas/assets/portraits/20261004/frontal/portrait-asset-63a6fe8d07d7c35ebf32-redraw.png,f025a8d9b11a0d88bc76f85e907af4dde607b7339feb067ba68f865de155f68d,True,940,1672,55,艺术表现年龄55岁，选取成年或老年生涯阶段；不作为史实年龄或容貌证据。,True,True,True,True,True,待考,True,True,research/portrait-additions-20261004/redraw-prompts-053-056.json
independent-redraw,56,诸葛亮,person:shu:zhuge-liang,portrait:asset:07986b6e9bd30dba0c37,atlas/assets/portraits/20261004/frontal/portrait-asset-07986b6e9bd30dba0c37-redraw.png,34586353c3f2a07f9a04a1679168545dd4437c3bdb38e5ddf4779a0c8b8fdad3,True,941,1672,45,艺术表现年龄45岁，选取成年或老年生涯阶段；不作为史实年龄或容貌证据。,True,True,True,True,True,待考,True,True,research/portrait-additions-20261004/redraw-prompts-053-056.json
independent-redraw,57,魏延,person:shu:wei-yan,portrait:asset:73fbe9c36fa0ff4bf6ec,atlas/assets/portraits/20261004/frontal/portrait-asset-73fbe9c36fa0ff4bf6ec-redraw.png,ff3e9840e96511c5c39277df4ceb03ee297909c15c658391bdb23fea758c240b,True,941,1672,40,艺术表现年龄40岁，选取成年或老年生涯阶段；不作为史实年龄或容貌证据。,True,True,True,True,True,待考,True,True,research/portrait-additions-20261004/redraw-prompts-057-060.json
independent-redraw,58,许靖,person:shu:xu-jing,portrait:asset:7afd636a0f36e619e1ea,atlas/assets/portraits/20261004/frontal/portrait-asset-7afd636a0f36e619e1ea-redraw.png,1a653f8da3794490914fe24fe696fb80671700e24ded5dacbb398c8ff0498884,True,941,1672,60,艺术表现年龄60岁，选取成年或老年生涯阶段；不作为史实年龄或容貌证据。,True,True,True,True,True,待考,True,True,research/portrait-additions-20261004/redraw-prompts-057-060.json
independent-redraw,59,吴壹,person:source:d66a7f3fda55,portrait:asset:c287a48cd80e314b6852,atlas/assets/portraits/20261004/frontal/portrait-asset-c287a48cd80e314b6852-redraw.png,45f410599842604d638d6eac556a9081ac50070d62cf5690079cf43c798dda92,True,941,1672,40,艺术表现年龄40岁，选取成年或老年生涯阶段；不作为史实年龄或容貌证据。,True,True,True,True,True,待考,True,True,research/portrait-additions-20261004/redraw-prompts-057-060.json
independent-redraw,60,蒋琬,person:shu:jiang-wan,portrait:asset:0b6752a1b02a1b62b3a7,atlas/assets/portraits/20261004/frontal/portrait-asset-0b6752a1b02a1b62b3a7-redraw.png,2a4da66ff270061f1c290622843a87918af59bc7fc93abb5b4fdad363c00ef80,True,940,1672,40,艺术表现年龄40岁，选取成年或老年生涯阶段；不作为史实年龄或容貌证据。,True,True,True,True,True,待考,True,True,research/portrait-additions-20261004/redraw-prompts-057-060.json
independent-redraw,61,费祎,person:shu:fei-yi,portrait:asset:e89b88c9b5f75db27e42,atlas/assets/portraits/20261004/frontal/portrait-asset-e89b88c9b5f75db27e42-redraw.png,469e0cdeb1c1d5e455b571860e4eee04b30db26f312f6e6fa3650f46e6ef329b,True,941,1672,40,艺术表现年龄40岁，选取成年或老年生涯阶段；不作为史实年龄或容貌证据。,True,True,True,True,True,待考,True,True,research/portrait-additions-20261004/redraw-prompts-061-064.json
independent-redraw,62,姜維,person:shu:jiang-wei,portrait:asset:c06cc0973cb33ed2f15d,atlas/assets/portraits/20261004/frontal/portrait-asset-c06cc0973cb33ed2f15d-redraw.png,7af46efb6d4a98e161cc921f02a5429d40c674c572ee56f68d1cd85d0d75096f,True,941,1672,28,艺术表现年龄28岁，选取成年或老年生涯阶段；不作为史实年龄或容貌证据。,True,True,True,True,True,待考,True,True,research/portrait-additions-20261004/redraw-prompts-061-064.json
independent-redraw,63,陈祗,person:shu:chen-zhi,portrait:asset:1b79188d53ec1517bd63,atlas/assets/portraits/20261004/frontal/portrait-asset-1b79188d53ec1517bd63-redraw.png,c0f9b14b05bcbf0262ca54b00a6f452335f6c964bae3a3ffc819f3b1c43b63e7,True,941,1672,40,艺术表现年龄40岁，选取成年或老年生涯阶段；不作为史实年龄或容貌证据。,True,True,True,True,True,待考,True,True,research/portrait-additions-20261004/redraw-prompts-061-064.json
independent-redraw,64,陶谦,person:han:tao-qian,portrait:asset:db0a1c99a5fa6f658082,atlas/assets/portraits/20261004/frontal/portrait-asset-db0a1c99a5fa6f658082-redraw.png,6d42dac9986cc00b2f0e884c03506380cd77978a0adcab5d9d57059466eaa63c,True,941,1672,60,艺术表现年龄60岁，选取成年或老年生涯阶段；不作为史实年龄或容貌证据。,True,True,True,True,True,待考,True,True,research/portrait-additions-20261004/redraw-prompts-061-064.json
independent-redraw,65,刘璋,person:han:liu-zhang,portrait:asset:d15f1759fc117ef47fee,atlas/assets/portraits/20261004/frontal/portrait-asset-d15f1759fc117ef47fee-redraw.png,a47ed4016c996aa1affb9e4bb1adf4900958b48bf4f2d3cad6cd5f38a4b6af51,True,941,1672,45,艺术表现年龄45岁，选取成年或老年生涯阶段；不作为史实年龄或容貌证据。,True,True,True,True,True,待考,False,False,research/portrait-additions-20261004/redraw-prompts-065-068.json
independent-redraw,66,法正,person:shu:fa-zheng,portrait:asset:154c2369b5a6fc6d53e1,atlas/assets/portraits/20261004/frontal/portrait-asset-154c2369b5a6fc6d53e1-redraw.png,2569bfa4ab25f4b74ecf1195de7fd61fefd8e7e48d7b8225413a8d96135d4325,True,941,1672,40,艺术表现年龄40岁，选取成年或老年生涯阶段；不作为史实年龄或容貌证据。,True,True,True,True,True,待考,False,False,research/portrait-additions-20261004/redraw-prompts-065-068.json
independent-redraw,67,董允,person:shu:dong-yun,portrait:asset:029ff35585d7ef216bc9,atlas/assets/portraits/20261004/frontal/portrait-asset-029ff35585d7ef216bc9-redraw.png,e2e7c6766dd744f9294b886292e9f7fcb1939132dd7128176387d508e86faed8,True,941,1672,40,艺术表现年龄40岁，选取成年或老年生涯阶段；不作为史实年龄或容貌证据。,True,True,True,True,True,待考,False,False,research/portrait-additions-20261004/redraw-prompts-065-068.json
independent-redraw,68,黄忠,person:source:c9065395c9a7,portrait:asset:07d7d551b64b33f8d66e,atlas/assets/portraits/20261004/frontal/portrait-asset-07d7d551b64b33f8d66e-redraw.png,feb4f6df2f3bb135dd6df22253a60470987bf89590ad7f79c47088efe76faefe,True,941,1672,65,艺术表现年龄65岁，选取成年或老年生涯阶段；不作为史实年龄或容貌证据。,True,True,True,True,True,待考,False,False,research/portrait-additions-20261004/redraw-prompts-065-068.json
independent-redraw,69,秦宓,person:source:c2d2b4c0325c,portrait:asset:90d2ef37445c0a469dba,atlas/assets/portraits/20261004/frontal/portrait-asset-90d2ef37445c0a469dba-redraw.png,32ddd68a4d6659a14fae1e04b2b7626c8ce59b95fd37a375976b2c4a6e8f90dc,True,940,1672,40,艺术表现年龄40岁，选取成年或老年生涯阶段；不作为史实年龄或容貌证据。,True,True,True,True,True,待考,False,False,research/portrait-additions-20261004/redraw-prompts-069-072.json
independent-redraw,70,賴恭,person:source:6f24577154e3,portrait:asset:09e49f98b9e35c42773c,atlas/assets/portraits/20261004/frontal/portrait-asset-09e49f98b9e35c42773c-redraw.png,235ad2216667df6d4209961e182e0541dafa2a9324361f0eee6a0a53b3f44ef5,True,941,1672,50,艺术表现年龄50岁，选取成年或老年生涯阶段；不作为史实年龄或容貌证据。,True,True,True,True,True,待考,False,False,research/portrait-additions-20261004/redraw-prompts-069-072.json
independent-redraw,71,黄柱,person:source:6787527ab62b,portrait:asset:e4c0d37d1fe25129e672,atlas/assets/portraits/20261004/frontal/portrait-asset-e4c0d37d1fe25129e672-redraw.png,70e15e476a5e6166d084337cfac2912481cffce108da332a5a3054e656c1a9cf,True,940,1672,40,艺术表现年龄40岁，选取成年或老年生涯阶段；不作为史实年龄或容貌证据。,True,True,True,True,True,待考,False,False,research/portrait-additions-20261004/redraw-prompts-069-072.json
independent-redraw,72,鲁肃,person:wu:lu-su,portrait:asset:a9434f175a03b05f38fd,atlas/assets/portraits/20261004/frontal/portrait-asset-a9434f175a03b05f38fd-redraw.png,1b317f3b7e5dfa62113428b6af88bdb46695b253ce568cf32cf9484a01eec9e5,True,941,1672,40,艺术表现年龄40岁，选取成年或老年生涯阶段；不作为史实年龄或容貌证据。,True,True,True,True,True,待考,False,False,research/portrait-additions-20261004/redraw-prompts-069-072.json
